{
  "designerVersion" : "1.7.25",
  "previousDesignerVersion" : "1.5.10",
  "id" : "CaseOverview",
  "name" : "CaseOverview",
  "lastUpdate" : 1527080761344,
  "rows" : [ [ {
    "type" : "container",
    "dimension" : {
      "xs" : 12,
      "sm" : 12,
      "md" : 12,
      "lg" : 12
    },
    "propertyValues" : {
      "cssClasses" : {
        "type" : "constant",
        "value" : ""
      },
      "hidden" : {
        "type" : "expression",
        "value" : "!caseOverview.found"
      },
      "repeatedCollection" : {
        "type" : "variable",
        "value" : ""
      }
    },
    "reference" : "cc686b55-e512-4554-9372-8b509a5e5b5e",
    "id" : "pbContainer",
    "rows" : [ [ {
      "type" : "component",
      "dimension" : {
        "xs" : 12,
        "sm" : 12,
        "md" : 12,
        "lg" : 12
      },
      "propertyValues" : {
        "cssClasses" : {
          "type" : "constant",
          "value" : ""
        },
        "hidden" : {
          "type" : "constant",
          "value" : false
        },
        "text" : {
          "type" : "interpolation",
          "value" : "{{\"Case id\" | translate}} : {{caseOverview.id}} - {{\"Process\" | translate}} : {{caseOverview.processName}}"
        },
        "level" : {
          "type" : "constant",
          "value" : "Level 1"
        },
        "alignment" : {
          "type" : "constant",
          "value" : "left"
        }
      },
      "reference" : "d1a10e42-d827-4e96-90ef-eeb1e6935245",
      "id" : "pbTitle"
    } ], [ {
      "type" : "component",
      "dimension" : {
        "xs" : 12,
        "sm" : 12,
        "md" : 12,
        "lg" : 12
      },
      "propertyValues" : {
        "cssClasses" : {
          "type" : "constant",
          "value" : ""
        },
        "hidden" : {
          "type" : "constant",
          "value" : false
        },
        "text" : {
          "type" : "interpolation",
          "value" : "<h2><span class=\"glyphicon glyphicon-folder-open\" aria-hidden=\"true\"></span>&nbsp; {{\"Business Data\" | translate}}</h2>"
        },
        "alignment" : {
          "type" : "constant",
          "value" : "left"
        },
        "allowHTML" : {
          "type" : "constant",
          "value" : true
        }
      },
      "reference" : "cce42e61-e0e4-40d8-9d8a-cb24289e8510",
      "id" : "pbText"
    } ], [ {
      "type" : "container",
      "dimension" : {
        "xs" : 12,
        "sm" : 12,
        "md" : 12,
        "lg" : 12
      },
      "propertyValues" : {
        "cssClasses" : {
          "type" : "constant",
          "value" : ""
        },
        "hidden" : {
          "type" : "expression",
          "value" : "caseOverview.businessDataRefs.length  > 0"
        },
        "repeatedCollection" : {
          "type" : "variable"
        }
      },
      "reference" : "b319b31c-4676-4931-9da2-19bade12fef4",
      "id" : "pbContainer",
      "rows" : [ [ {
        "type" : "component",
        "dimension" : {
          "xs" : 12,
          "sm" : 12,
          "md" : 12,
          "lg" : 12
        },
        "propertyValues" : {
          "cssClasses" : {
            "type" : "constant",
            "value" : ""
          },
          "hidden" : {
            "type" : "constant",
            "value" : false
          },
          "text" : {
            "type" : "interpolation",
            "value" : "<div class=\"alert alert-info\"><i class=\"glyphicon glyphicon-info-sign\" aria-hidden=\"true\"></i> {{\"No business data available\" | translate }}</div>"
          },
          "alignment" : {
            "type" : "constant",
            "value" : "left"
          },
          "allowHTML" : {
            "type" : "constant",
            "value" : true
          }
        },
        "reference" : "10eda89d-987c-488b-b912-6a3c52bdf22e",
        "id" : "pbText"
      } ] ]
    } ], [ {
      "type" : "container",
      "dimension" : {
        "xs" : 12,
        "sm" : 12,
        "md" : 12,
        "lg" : 12
      },
      "propertyValues" : {
        "cssClasses" : {
          "type" : "constant",
          "value" : ""
        },
        "hidden" : {
          "type" : "expression",
          "value" : "caseOverview.businessDataRefs.length === 0"
        },
        "repeatedCollection" : {
          "type" : "variable"
        }
      },
      "reference" : "8184b27e-83d2-45c9-9c5a-9189af069c6e",
      "id" : "pbContainer",
      "rows" : [ [ {
        "type" : "component",
        "dimension" : {
          "xs" : 12,
          "sm" : 12,
          "md" : 6,
          "lg" : 6
        },
        "propertyValues" : {
          "cssClasses" : {
            "type" : "constant",
            "value" : ""
          },
          "hidden" : {
            "type" : "constant",
            "value" : false
          },
          "disabled" : {
            "type" : "constant",
            "value" : false
          },
          "required" : {
            "type" : "constant",
            "value" : false
          },
          "labelHidden" : {
            "type" : "constant",
            "value" : true
          },
          "label" : {
            "type" : "interpolation",
            "value" : "List of"
          },
          "labelPosition" : {
            "type" : "constant",
            "value" : "left"
          },
          "labelWidth" : {
            "type" : "constant",
            "value" : 1
          },
          "placeholder" : {
            "type" : "interpolation",
            "value" : ""
          },
          "availableValues" : {
            "type" : "expression",
            "value" : "caseOverview.businessDataRefs"
          },
          "displayedKey" : {
            "type" : "constant",
            "value" : "name"
          },
          "returnedKey" : {
            "type" : "constant",
            "value" : ""
          },
          "value" : {
            "type" : "variable",
            "value" : "caseOverview.selectedBusinessDataRef"
          }
        },
        "reference" : "debcc02a-b561-45ae-a1ba-7cd63760fa3d",
        "id" : "pbSelect"
      } ], [ {
        "type" : "component",
        "dimension" : {
          "xs" : 12,
          "sm" : 12,
          "md" : 12,
          "lg" : 12
        },
        "propertyValues" : {
          "cssClasses" : {
            "type" : "constant",
            "value" : ""
          },
          "hidden" : {
            "type" : "constant",
            "value" : false
          },
          "headers" : {
            "type" : "expression",
            "value" : "businessDataHeaders"
          },
          "content" : {
            "type" : "expression",
            "value" : "selectedBusinessData.length ? selectedBusinessData : [selectedBusinessData]"
          },
          "columnsKey" : {
            "type" : "expression",
            "value" : "businessDataKeys"
          },
          "selectedRow" : {
            "type" : "variable"
          }
        },
        "reference" : "dc62ed69-bf89-4062-a25e-dc290631d7c5",
        "id" : "pbTable"
      } ] ]
    } ], [ {
      "type" : "component",
      "dimension" : {
        "xs" : 12,
        "sm" : 12,
        "md" : 12,
        "lg" : 12
      },
      "propertyValues" : {
        "cssClasses" : {
          "type" : "constant",
          "value" : ""
        },
        "hidden" : {
          "type" : "constant",
          "value" : false
        },
        "text" : {
          "type" : "interpolation",
          "value" : "<h2><span class=\"glyphicon glyphicon-paperclip\" aria-hidden=\"true\"></span>&nbsp; {{\"Documents\" | translate}}</h2>"
        },
        "alignment" : {
          "type" : "constant",
          "value" : "left"
        },
        "allowHTML" : {
          "type" : "constant",
          "value" : true
        }
      },
      "reference" : "5927b671-79e4-44ca-9603-85c79a8de2ef",
      "id" : "pbText"
    } ], [ {
      "type" : "container",
      "dimension" : {
        "xs" : 12,
        "sm" : 12,
        "md" : 12,
        "lg" : 12
      },
      "propertyValues" : {
        "cssClasses" : {
          "type" : "constant",
          "value" : ""
        },
        "hidden" : {
          "type" : "expression",
          "value" : "caseOverview.documentRefs.length > 0"
        },
        "repeatedCollection" : {
          "type" : "variable"
        }
      },
      "reference" : "8e58b043-2f8f-4758-82b3-c85003c6dd56",
      "id" : "pbContainer",
      "rows" : [ [ {
        "type" : "component",
        "dimension" : {
          "xs" : 12,
          "sm" : 12,
          "md" : 12,
          "lg" : 12
        },
        "propertyValues" : {
          "cssClasses" : {
            "type" : "constant",
            "value" : ""
          },
          "hidden" : {
            "type" : "constant",
            "value" : false
          },
          "text" : {
            "type" : "interpolation",
            "value" : "<div class=\"alert alert-info\" translate><i class=\"glyphicon glyphicon-info-sign\" aria-hidden=\"true\"></i>{{\"No documents available\" | translate}}</div>"
          },
          "alignment" : {
            "type" : "constant",
            "value" : "left"
          },
          "allowHTML" : {
            "type" : "constant",
            "value" : true
          }
        },
        "reference" : "3174f0c2-132c-4107-902e-922182bf517d",
        "id" : "pbText"
      } ] ]
    } ], [ {
      "type" : "container",
      "dimension" : {
        "xs" : 12,
        "sm" : 12,
        "md" : 12,
        "lg" : 12
      },
      "propertyValues" : {
        "cssClasses" : {
          "type" : "constant",
          "value" : ""
        },
        "hidden" : {
          "type" : "expression",
          "value" : "!caseOverview.documentRefs"
        },
        "repeatedCollection" : {
          "type" : "variable",
          "value" : "caseOverview.documentRefs"
        }
      },
      "reference" : "2d3bf5f1-66f7-4a0b-8ef0-dba7882fca4c",
      "id" : "pbContainer",
      "rows" : [ [ {
        "type" : "component",
        "dimension" : {
          "xs" : 12,
          "sm" : 12,
          "md" : 12,
          "lg" : 12
        },
        "propertyValues" : {
          "cssClasses" : {
            "type" : "constant",
            "value" : ""
          },
          "hidden" : {
            "type" : "constant",
            "value" : false
          },
          "text" : {
            "type" : "interpolation",
            "value" : "<i class=\"glyphicon glyphicon-link\"></i> {{$item.fileName}}"
          },
          "type" : {
            "type" : "constant",
            "value" : "URL"
          },
          "targetUrl" : {
            "type" : "expression",
            "value" : "\"../API/\" + $item.url"
          },
          "pageToken" : {
            "type" : "constant"
          },
          "processName" : {
            "type" : "constant"
          },
          "processVersion" : {
            "type" : "constant"
          },
          "taskId" : {
            "type" : "constant"
          },
          "caseId" : {
            "type" : "constant"
          },
          "target" : {
            "type" : "constant",
            "value" : "_blank"
          },
          "appToken" : {
            "type" : "constant"
          },
          "alignment" : {
            "type" : "constant",
            "value" : "left"
          },
          "buttonStyle" : {
            "type" : "constant",
            "value" : "link"
          },
          "urlParams" : {
            "type" : "constant"
          }
        },
        "reference" : "6e6e1a49-df0e-4161-8aed-4fe967e6bc97",
        "id" : "pbLink"
      } ] ]
    } ], [ {
      "type" : "component",
      "dimension" : {
        "xs" : 12,
        "sm" : 12,
        "md" : 12,
        "lg" : 12
      },
      "propertyValues" : {
        "cssClasses" : {
          "type" : "constant",
          "value" : ""
        },
        "hidden" : {
          "type" : "constant",
          "value" : false
        },
        "text" : {
          "type" : "interpolation",
          "value" : "<h2><span class=\"glyphicon glyphicon-object-align-right\" aria-hidden=\"true\"></span>&nbsp; {{\"Timeline\" | translate }}</h2>"
        },
        "alignment" : {
          "type" : "constant",
          "value" : "left"
        },
        "allowHTML" : {
          "type" : "constant",
          "value" : true
        }
      },
      "reference" : "885c9cb6-39fd-4e2b-b859-2d5b62913aeb",
      "id" : "pbText"
    } ], [ {
      "type" : "component",
      "dimension" : {
        "xs" : 12,
        "sm" : 12,
        "md" : 12,
        "lg" : 12
      },
      "propertyValues" : {
        "cssClasses" : {
          "type" : "constant",
          "value" : ""
        },
        "hidden" : {
          "type" : "constant",
          "value" : false
        },
        "events" : {
          "type" : "expression",
          "value" : "timelineEvents"
        },
        "noEventsTitle" : {
          "type" : "expression",
          "value" : "\"No Events yet.\" | translate"
        },
        "noEventsContent" : {
          "type" : "expression",
          "value" : "\"Nothing noticeable happened yet... But it surely will come!\" | translate"
        },
        "eventsTitleExpression" : {
          "type" : "constant",
          "value" : "event.title"
        },
        "eventsContentExpression" : {
          "type" : "constant",
          "value" : "event.description"
        },
        "eventsTimeExpression" : {
          "type" : "constant",
          "value" : "event.lastUpdateDate"
        },
        "eventsTimeAttributeFormat" : {
          "type" : "constant",
          "value" : "medium"
        },
        "eventsAuthorExpression" : {
          "type" : "constant",
          "value" : "event.executedBy || event.assignedTo"
        },
        "origin" : {
          "type" : "expression",
          "value" : "timelineOrigin"
        },
        "originTitleExpression" : {
          "type" : "constant",
          "value" : "origin.title | translate"
        },
        "originContentExpression" : {
          "type" : "constant",
          "value" : "origin.description"
        },
        "originTimeExpression" : {
          "type" : "constant",
          "value" : "origin.startTime"
        },
        "originAuthorExpression" : {
          "type" : "constant",
          "value" : "origin.initiator"
        },
        "eventsIconStyleExpression" : {
          "type" : "expression",
          "value" : "\"event.style\""
        },
        "eventsIconExpression" : {
          "type" : "constant",
          "value" : "event.icon"
        }
      },
      "reference" : "590f2d1d-6f54-4350-9cf9-17cd7891c33f",
      "id" : "timelineWidget"
    } ] ]
  } ], [ {
    "type" : "container",
    "dimension" : {
      "xs" : 12,
      "sm" : 12,
      "md" : 12,
      "lg" : 12
    },
    "propertyValues" : {
      "cssClasses" : {
        "type" : "constant",
        "value" : ""
      },
      "hidden" : {
        "type" : "expression",
        "value" : "caseOverview.found"
      },
      "repeatedCollection" : {
        "type" : "variable",
        "value" : ""
      }
    },
    "reference" : "83205637-c0fa-494e-bcab-8db42eefbd5e",
    "id" : "pbContainer",
    "rows" : [ [ {
      "type" : "component",
      "dimension" : {
        "xs" : 12,
        "sm" : 12,
        "md" : 12,
        "lg" : 12
      },
      "propertyValues" : {
        "cssClasses" : {
          "type" : "constant",
          "value" : ""
        },
        "hidden" : {
          "type" : "constant",
          "value" : false
        },
        "text" : {
          "type" : "interpolation",
          "value" : "<div class=\"alert alert-danger\" translate><i class=\"glyphicon glyphicon-exclamation-sign\" aria-hidden=\"true\"></i> {{\"No case found with id:\" | translate }}  <b>{{caseOverview.id}}</b></div>"
        },
        "alignment" : {
          "type" : "constant",
          "value" : "left"
        },
        "allowHTML" : {
          "type" : "constant",
          "value" : true
        }
      },
      "reference" : "283001a8-cd4c-46b9-95c8-dc12aaea1c3d",
      "id" : "pbText"
    } ] ]
  } ] ],
  "assets" : [ {
    "id" : "2551933a-6d9e-44ec-a941-1fa2062d3693",
    "name" : "localization.json",
    "type" : "json",
    "order" : 0,
    "external" : false
  }, {
    "id" : "59eb4ac7-4612-4071-8a2c-5928ce33cac6",
    "name" : "ui-bootstrap-tpls-0.13.0.min.js",
    "type" : "js",
    "order" : 2,
    "external" : false
  }, {
    "id" : "5c01a8a7-018a-4297-a4db-f4b5fd46dd81",
    "name" : "style.css",
    "type" : "css",
    "order" : 1,
    "external" : false
  } ],
  "inactiveAssets" : [ ],
  "data" : {
    "openCase" : {
      "type" : "url",
      "value" : "../API/bpm/case/{{caseId}}?d=started_by&d=processDefinitionId",
      "exposed" : false
    },
    "archivedCase" : {
      "type" : "url",
      "value" : "../API/bpm/archivedCase?c=1&d=started_by&d=processDefinitionId&f=sourceObjectId%3D{{caseId}}&p=0",
      "exposed" : false
    },
    "caseId" : {
      "type" : "urlparameter",
      "value" : "id",
      "exposed" : false
    },
    "caseOverview" : {
      "type" : "expression",
      "value" : "function values(object){\n    return  Object.keys(object).map(function(key){\n        return $data.context[key];\n    });\n}\n\nvar businessDataRefs = values($data.context).filter(function(ref){\n        return ref.type;\n    }).map(function(businessDataRef){\n        return {\n          \"name\" : businessDataRef.name + \" (\"+ businessDataRef.type +\")\",\n          \"link\" : businessDataRef.link\n        };\n    });\n    \nvar documentRefs = values($data.context).filter(function(ref){\n        if(ref.length > 0){\n            return ref[0].fileName;\n        }\n        return ref.fileName;\n    }).map(function(ref){\n        return ref.length > 0 ? ref : [ref];\n    });\nvar flattenDocRefs = [].concat.apply([],documentRefs);\n    \nreturn {\n    \"found\" : !!$data.case,\n    \"id\" : $data.case.id,\n    \"sourceObjectId\" : $data.case.sourceObjectId ?  $data.case.sourceObjectId  : $data.case.id ,\n    \"processName\" : $data.case.processDefinitionId.displayName + \" (\"+ $data.case.processDefinitionId.version+\")\",\n    \"businessDataRefs\" : businessDataRefs,\n    \"selectedBusinessDataRef\" : businessDataRefs[0],\n    \"documentRefs\" : flattenDocRefs \n};",
      "exposed" : false
    },
    "selectedBusinessData" : {
      "type" : "url",
      "value" : "../{{caseOverview.selectedBusinessDataRef.link}}",
      "exposed" : false
    },
    "businessDataHeaders" : {
      "type" : "expression",
      "value" : "return $data.businessDataKeys.map(function(key){\n    return key.replace(\"_string\",\"\");\n});",
      "exposed" : false
    },
    "case" : {
      "type" : "expression",
      "value" : "return  $data.archivedCase.length > 0 ? $data.archivedCase[0] : $data.openCase ?  $data.openCase : null;",
      "exposed" : false
    },
    "businessDataKeys" : {
      "type" : "expression",
      "value" : "var businessData = $data.selectedBusinessData.length ? $data.selectedBusinessData[0] :  $data.selectedBusinessData;\n\nreturn Object.keys(businessData).filter(function(header){\n    return  header  !== \"persistenceId\" \n            && header.indexOf(\"persistenceVersion\") === -1 \n            && header !== \"links\";\n});",
      "exposed" : false
    },
    "archivedTasks" : {
      "type" : "url",
      "value" : "../API/bpm/archivedHumanTask?p=0&c=999&d=executedBy&f=caseId%3D{{caseOverview.sourceObjectId}}&o=reached_state_date DESC",
      "exposed" : false
    },
    "timelineEvents" : {
      "type" : "expression",
      "value" : "function executedBy(task){\n    return \"completed\" === task.state ? \"Executed by \" + task.executedBy.firstname + \" \" + task.executedBy.lastname : null;\n}\n\nfunction assignedTo(task){\n    return task.assigned_id ? \"Assigned to \" +  task.assigned_id.firstname + \" \" +  task.assigned_id.lastname : null;\n}\n\nfunction iconFor(task){\n    switch(task.state) {\n        case \"completed\": return \"check\";\n        case \"failed\": return \"remove-circle\";\n        case \"cancelled\": return \"ban-circle\";\n        case \"aborted\": return \"ban-circle\";\n        default: return \"unchecked\";\n    }\n}\n\nfunction styleFor(task){\n    switch(task.state) {\n        case \"completed\": return \"success\";\n        case \"failed\": return \"danger\";\n        case \"cancelled\": return \"warning\";\n        case \"aborted\": return \"warning\";\n        default: return \"primary\";\n    }\n}\n\nfunction toEvent(task){\n    return {\n      \"title\" : task.displayName,\n      \"lastUpdateDate\" : task.last_update_date,\n      \"executedBy\" :  executedBy(task),\n      \"assignedTo\" : assignedTo(task),\n      \"description\" : task.displayDescription,\n      \"icon\" : iconFor(task),\n      \"style\" : styleFor(task)\n    };\n}\n\nvar archived = $data.archivedTasks.map(toEvent);\nvar opened = $data.openedTasks.map(toEvent);\n\nreturn [].concat(opened,archived);",
      "exposed" : false
    },
    "timelineOrigin" : {
      "type" : "expression",
      "value" : "return {\n \"title\": \"Case started\",\n \"startTime\": $data.case.start,\n \"description\":$data.case.processDefinitionId.displayDescription,\n \"initiator\": $data.case.started_by.firstname + \" \" + $data.case.started_by.lastname\n};",
      "exposed" : false
    },
    "openedTasks" : {
      "type" : "url",
      "value" : "../API/bpm/task?p=0&c=999&d=executedBy&d=assigned_id&f=caseId%3D{{caseOverview.sourceObjectId}}&f=type%3DUSER_TASK&o=last_update_date DESC",
      "exposed" : false
    },
    "archivedContext" : {
      "type" : "url",
      "value" : "../API/bpm/archivedCase/{{case.id}}/context",
      "exposed" : false
    },
    "openedContext" : {
      "type" : "url",
      "value" : "../API/bpm/case/{{case.id}}/context",
      "exposed" : false
    },
    "context" : {
      "type" : "expression",
      "value" : "return $data.openedContext || $data.archivedContext;",
      "exposed" : false
    }
  },
  "uuid" : "d239b776-1965-44e1-a1e0-0e9d82cf51be",
  "type" : "page"
}