{
  "designerVersion" : "1.4.18",
  "id" : "timelineWidget",
  "name" : "TIMELINE",
  "lastUpdate" : 1527080747618,
  "template" : "<!-- The custom widget template is defined here\n   - You can use standard HTML tags and AngularJS built-in directives, scope and interpolation system\n   - Custom widget properties defined on the right can be used as variables in a templates with properties.newProperty\n   - Functions exposed in the controller can be used with ctrl.newFunction()\n - You can use the environment property injected in the scope when inside the whiteboard editor. It allows to create a mockup display for the whiteboard as the real use data will not be available.\n-->\n\n<span ng-if=\"environment\"><identicon name=\"{{environment.component.id}}\" size=\"30\" background-color=\"[255,255,255, 0]\" foreground-color=\"[51,51,51]\"></identicon> {{environment.component.name}}</span>\n\n<timeline>\n    <timeline-node  ng-repeat=\"event in properties.events\" side=\"{{$even ?'left':'right'}}\">\n        <timeline-badge class=\"{{buildEventStyle(event)}}\"> <i class=\"glyphicon glyphicon-{{buildEventIcon(event)}}\"></i>\n        </timeline-badge>\n        <timeline-panel>\n            <timeline-heading>\n                <timeline-title>\n                    {{buildEventTitle(event)}}\n                </timeline-title>\n                <p>\n                    <small class=\"text-muted\"> <i class=\"glyphicon glyphicon-time\"></i>\n                          {{formatDate(buildEventTime(event)) | date:properties.eventsTimeAttributeFormat}}\n                    </small>\n                    <br/>\n                    <small class=\"text-muted\" ng-if=\"buildEventAuthor(event)\"> <i class=\"glyphicon glyphicon-user\"></i>\n                        {{buildEventAuthor(event)}}\n                    </small>\n                </p>\n            </timeline-heading>\n            <timeline-content>\n                <p>{{buildEventContent(event)}}</p>\n            </timeline-content>\n        </timeline-panel>\n    </timeline-node>\n    <timeline-node ng-if=\"properties.events[0]===undefined\">\n        <timeline-badge class=\"warning\"> <i class=\"glyphicon glyphicon-asterisk\"></i>\n        </timeline-badge>\n        <timeline-panel>\n            <timeline-heading>\n                <timeline-title>\n                    <span translate>{{properties.noEventsTitle}}</span>\n                </timeline-title>\n            </timeline-heading>\n            <timeline-content>\n                <p translate>{{properties.noEventsContent}}</p>\n            </timeline-content>\n        </timeline-panel>\n    </timeline-node>\n</timeline>\n<timeline-footer>\n    <timeline-panel>\n        <timeline-heading>\n            <timeline-title>\n                <span translate>{{buildOriginTitle()}}</span>\n            </timeline-title>\n            <p>\n                <small class=\"text-muted\"> <i class=\"glyphicon glyphicon-time\"></i>\n                    {{formatDate(buildOriginTime()) | date:properties.eventsTimeAttributeFormat}}\n                </small>\n                 <br/>\n                <small class=\"text-muted\"> <i class=\"glyphicon glyphicon-user\"></i>\n                    {{buildOriginAuthor()}}\n                </small>\n            </p>\n        </timeline-heading>\n        <timeline-content>\n            <p>{{buildOriginContent()}}</p>\n        </timeline-content>\n    </timeline-panel>\n</timeline-footer>\n",
  "controller" : "/**\n * The controller is a JavaScript function that augments the AngularJS scope and exposes functions that can be used in the custom widget template\n *\n * Custom widget properties defined on the right can be used as variables in a controller with $scope.properties\n * To use AngularJS standard services, you must declare them in the main function arguments.\n *\n * You can leave the controller empty if you do not need it.\n */\nfunction ($scope) {\n    \n  /**\n   * new Date in IE11 must be receive string with ISO8601 format. This formatting was use for IE.\n   * (link: https://stackoverflow.com/a/44314573)\n   */\n  $scope.formatDate = function(mydate){\n    return new Date(mydate.replace(/^(.*-[0-9][0-9])(\\ )([0-9][0-9]\\:.*$)/, '$1T$3')).getTime();\n  }\n\n\n  $scope.buildEventTitle = function(event) {\n    return $scope.$eval($scope.properties.eventsTitleExpression, {\"event\": event});\n  };\n\n  $scope.buildEventTime = function(event) {\n    return $scope.$eval($scope.properties.eventsTimeExpression, {\"event\": event});\n  };\n\n  $scope.buildEventAuthor = function(event) {\n    return $scope.$eval($scope.properties.eventsAuthorExpression, {\"event\": event});\n  };\n\n  $scope.buildEventContent = function(event) {\n    return $scope.$eval($scope.properties.eventsContentExpression, {\"event\": event});\n  };\n  \n  $scope.buildEventIcon = function(event) {\n    return $scope.$eval($scope.properties.eventsIconExpression, {\"event\": event});\n  };\n  \n   $scope.buildEventStyle = function(event) {\n    return $scope.$eval($scope.properties.eventsIconStyleExpression, {\"event\": event});\n  };\n\n\n  // ------------\n  // -- Origin --\n  // ------------\n\n  $scope.buildOriginTitle = function() {\n      return $scope.$eval($scope.properties.originTitleExpression, {\"origin\": $scope.properties.origin});\n  };\n\n  $scope.buildOriginTime = function() {\n    return $scope.$eval($scope.properties.originTimeExpression, {\"origin\": $scope.properties.origin});\n  };\n\n  $scope.buildOriginAuthor = function() {\n    return $scope.$eval($scope.properties.originAuthorExpression, {\"origin\": $scope.properties.origin});\n  };\n\n  $scope.buildOriginContent = function() {\n    return $scope.$eval($scope.properties.originContentExpression, {\"origin\": $scope.properties.origin});\n  };\n\n}\n",
  "custom" : true,
  "properties" : [ {
    "label" : "Events",
    "name" : "events",
    "help" : "A list of events to display on the Timeline. An event is a JSON object. There is no constraint on the structure of the object. You can define in other properties how to display an event based on the structure of the JSON object you provide here. If the list of events is empty then the 'No Event Title' and 'No Event Content' will be displayed.",
    "bond" : "expression"
  }, {
    "label" : "No Events Title",
    "name" : "noEventsTitle",
    "help" : "In case of an empty list of event provided in the Events property, a fake event will be displayed in the TimeLine with the following title.",
    "defaultValue" : "No Events yet.",
    "bond" : "expression"
  }, {
    "label" : "No Events Content",
    "name" : "noEventsContent",
    "help" : "In case of an empty list of event provided in the Events property, a fake event will be displayed in the TimeLine with the following content.",
    "defaultValue" : "Nothing noticeable happened yet... But it surely will come!",
    "bond" : "expression"
  }, {
    "label" : "Events Title Expression",
    "name" : "eventsTitleExpression",
    "caption" : "e.g. '#' + event.id + ' ' + event.name",
    "help" : "Expression that will be executed to create the title for each event of the Timeline. Use the 'event' placeholder in the expression to refer to the current event to display, e.g., event.attribute",
    "bond" : "expression"
  }, {
    "label" : "Events Content Expression",
    "name" : "eventsContentExpression",
    "help" : "Expression that will be executed to create the content for each event of the Timeline. Use the 'event' placeholder in the expression to refer to the current event to display, e.g., event.attribute",
    "bond" : "expression"
  }, {
    "label" : "Events Time Expression",
    "name" : "eventsTimeExpression",
    "help" : "Expression that will be executed to create the time (when the event occurred) for each event of the Timeline. Use the 'event' placeholder in the expression to refer to the current event to display, e.g., event.attribute",
    "bond" : "expression"
  }, {
    "label" : "Events Time format",
    "name" : "eventsTimeAttributeFormat",
    "caption" : "e.g. medium, yyyy-MM-dd HH:mm:ss. <a href='https://docs.angularjs.org/api/ng/filter/date' target='_blank'>More examples</a>",
    "help" : "Format to apply on the Event Time attribute and the Origin Time attribute.",
    "defaultValue" : "medium",
    "bond" : "expression"
  }, {
    "label" : "Events Author Expression",
    "name" : "eventsAuthorExpression",
    "caption" : "e.g. event.author.firstname + ' ' + event.author.lastname",
    "help" : "Expression that will be executed to create the author description for each event of the Timeline. Use the 'event' placeholder in the expression to refer to the current event to display, e.g., event.attribute",
    "bond" : "expression"
  }, {
    "label" : "Origin",
    "name" : "origin",
    "help" : "The initial event that represents the origin of the Timeline.",
    "bond" : "expression"
  }, {
    "label" : "Origin Title Expression",
    "name" : "originTitleExpression",
    "help" : "Expression that will be executed to create the origin's title of Timeline. Use the 'origin' placeholder in the expression to refer to the event to display, e.g., origin.attribute",
    "bond" : "expression"
  }, {
    "label" : "Origin Content Expression",
    "name" : "originContentExpression",
    "help" : "Expression that will be executed to create the origin's content of Timeline. Use the 'origin' placeholder in the expression to refer to the event to display, e.g., origin.attribute",
    "bond" : "expression"
  }, {
    "label" : "Origin Time Expression",
    "name" : "originTimeExpression",
    "help" : "Expression that will be executed to create the origin's time of Timeline. Use the 'origin' placeholder in the expression to refer to the event to display, e.g., origin.attribute. The 'Event Time Format' will be applied on this expression.",
    "bond" : "expression"
  }, {
    "label" : "Origin Author",
    "name" : "originAuthorExpression",
    "caption" : "e.g. origin.initiator.firstname + ' ' + origin.initiator.lastname",
    "help" : "Expression that will be executed to create the author description for the origin event of the Timeline. Use the 'origin' placeholder in the expression to refer to the current event to display, e.g., origin.attribute",
    "bond" : "expression"
  }, {
    "label" : "Events Icon Style Expression",
    "name" : "eventsIconStyleExpression",
    "type" : "choice",
    "defaultValue" : "info",
    "choiceValues" : [ "default", "success", "info", "warning", "danger", "primary" ],
    "bond" : "expression"
  }, {
    "label" : "Events Icon Expression",
    "name" : "eventsIconExpression",
    "type" : "text",
    "defaultValue" : "check",
    "bond" : "expression"
  } ],
  "assets" : [ {
    "name" : "angular-timeline.css",
    "type" : "css",
    "order" : 0,
    "external" : false
  }, {
    "name" : "style.css",
    "type" : "css",
    "order" : 0,
    "external" : false
  }, {
    "name" : "angular-timeline.js",
    "type" : "js",
    "order" : 0,
    "external" : false
  } ],
  "requiredModules" : [ "angular-timeline" ],
  "type" : "widget",
  "hasHelp" : false
}