{
  "designerVersion" : "1.5.10",
  "id" : "customLivingApplicationMenuV4",
  "name" : "livingApplicationMenuV4",
  "lastUpdate" : 1527238853699,
  "template" : "<div class=\"navbar navbar-inverse\" role=\"navigation\">\n    <div class=\"container-fluid\">\n        <div class=\"navbar-header\">\n            <a class=\"navbar-brand\" ng-click=\"ctrl.displayPage(ctrl.homePageToken)\" href=\"../{{ctrl.homePageToken}}/\">{{ctrl.applicationName}}</a>\n            <button ng-show=\"ctrl.applicationMenuList.length>0\" type=\"button\" ng-init=\"navCollapsed = true\" ng-click=\"navCollapsed = !navCollapsed\" class=\"navbar-toggle\">\n                <span class=\"icon-bar\"></span>\n                <span class=\"icon-bar\"></span>\n                <span class=\"icon-bar\"></span>\n            </button>\n        </div>\n        <div collapse=\"navCollapsed\" class=\"collapse navbar-responsive-collapse navbar-collapse\">\n            <ul class=\"nav navbar-nav\">\n                <li ng-class=\"{active:ctrl.pageToken===menu.applicationPageId.token}\" ng-repeat=\"menu in ctrl.filterChildren(-1)\" dropdown>\n                    <a ng-if=\"!ctrl.isParentMenu(menu)\" ng-click=\"ctrl.displayPage(menu.applicationPageId.token)\" ng-href=\"../{{menu.applicationPageId.token}}/\">{{menu.displayName}}</a>\n                    <a ng-if=\"ctrl.isParentMenu(menu)\" href=\"javascript:void(0);\" dropdown-toggle>{{menu.displayName}}<span class=\"caret\"></span></a>\n                    <ul ng-if=\"ctrl.isParentMenu(menu)\"  class=\"dropdown-menu\">\n                        <li ng-repeat=\"childMenu in ctrl.filterChildren(menu.id)\">\n                            <a ng-click=\"ctrl.displayPage(childMenu.applicationPageId.token)\" ng-href=\"../{{childMenu.applicationPageId.token}}/\">{{childMenu.displayName}}</a>\n                        </li>\n                    </ul>\n                </li>\n            </ul>\n        </div>\n    </div>\n</div>",
  "controller" : "function WidgetlivingApplicationMenuController($scope, $http, $window, $location, $timeout) {\n    var ctrl = this;\n    \n    function parseCurrentURL() {\n        var pathArray = $window.location.pathname.split( '/' );\n        ctrl.applicationToken =  pathArray[pathArray.length-3]; \n        ctrl.pageToken =  pathArray[pathArray.length-2];\n    }\n    \n    //handle the browser back button\n    $window.addEventListener('popstate', function(e) {\n        parseCurrentURL();\n        //make sure the user is still logged in before refreshing the iframe\n        getSession().then(setTargetedUrl, refreshPage);\n    });\n    \n    function getApplication() {\n        return $http.get('../API/living/application/?c=1&f=token%3D'+ctrl.applicationToken);\n    }\n    \n    function setHomePage(application) {\n        return $http.get('../API/living/application-page/'+application.homePageId)\n            .success(function(data) {\n                ctrl.homePageToken = data.token;\n            });\n    }\n    \n    function getSession() {\n        return $http.get('../API/system/session/unusedId');\n    }\n    \n    this.filterChildren = function (parentId) {\n        return (ctrl.applicationMenuList||[]).filter(function(menu){\n            return menu.parentMenuId === '' + parentId;\n        });\n        \n    }\n   \n    function setApplicationMenuList(application) {\n        \n        return $http.get('../API/living/application-menu/?c=100&f=applicationId%3D'+application.id+'&d=applicationPageId&o=menuIndex+ASC')\n            .success(function(data) { \n                ctrl.applicationMenuList = data;\n            });\n    }\n\n    function setTargetedUrl() {\n      // angular hack to force the variable bound to refresh\n      // so we change it's value to undefined and then delay to the correct value\n      $scope.properties.targetUrl = undefined;\n        $timeout(function(){\n            $scope.properties.targetUrl = \"../../../portal/resource/app/\"+ctrl.applicationToken+\"/\"+ ctrl.pageToken+\"/content/\"+ $window.location.search + ctrl.searchSeparator() + \"app=\" + ctrl.applicationToken;\n        }, 0);\n    }\n    \n    function refreshPage() {\n        $window.location.reload();\n    }\n\n    ctrl.searchSeparator = function() {\n        return $window.location.search ? \"&\" : \"?\";\n    };\n\n    ctrl.isParentMenu = function(menu) {\n        return menu.parentMenuId==-1 && menu.applicationPageId==-1;\n    };\n    \n    ctrl.displayPage = function(token) {\n        var previousToken = ctrl.pageToken;\n        var previousPath = window.location.pathname;\n        \n        ctrl.pageToken = token;\n        var urlPath = previousPath.substring(0, previousPath.length-previousToken.length-1) + token + '/' + $window.location.search;\n        \n        var stateObject = { title: \"\" + token + \"\", url: \"\" +  urlPath  + \"\"};\n        if (typeof ($window.history.pushState) != \"undefined\") {\n            $window.history.pushState(stateObject, stateObject.title, stateObject.url );\n        } else {\n            alert(\"Browser does not support HTML5.\");\n        }\n        //make sure the user is still logged in before refreshing the iframe\n        getSession().then(setTargetedUrl, refreshPage);\n    };\n    \n    parseCurrentURL();\n    setTargetedUrl();\n    getApplication().then(function(response) {\n        var application = response.data[0];\n        ctrl.applicationName = application.displayName;\n        $window.document.title = application.displayName;\n        setApplicationMenuList(application);\n        setHomePage(application);\n    });\n    \n}",
  "description" : "LivingApplicationMenuV4 is an example of living application menu.",
  "custom" : true,
  "properties" : [ {
    "label" : "URL targeted by the menu",
    "name" : "targetUrl",
    "type" : "text",
    "bond" : "variable"
  } ],
  "assets" : [ {
    "id" : "b566d5f3-6ee0-4874-a0c6-a3ab37504f7c",
    "name" : "ui-bootstrap-tpls-0.13.0.min.js",
    "type" : "js",
    "order" : 1,
    "external" : false
  }, {
    "id" : "44cb1989-1338-4d4c-9160-bb311e7dff6c",
    "name" : "config-html5.js",
    "type" : "js",
    "order" : 2,
    "external" : false
  } ],
  "requiredModules" : [ "ui.bootstrap" ],
  "authRules" : [ "GET|living/application", "GET|living/application-menu", "GET|living/application-page" ],
  "type" : "widget",
  "hasHelp" : false
}